-- PERSONA
INSERT INTO persona VALUES ('ZCXDMB48A29C263D','Matilde','Rossi','30-APR-1985');
INSERT INTO persona VALUES ('ZCBXRN51H21Z713W','Edoardo','Russo','25-MAR-1999');
INSERT INTO persona VALUES ('SSXDDF70L44D882J','Sara','Ferrari','02-MAG-1978');
INSERT INTO persona VALUES ('DDJRZZ65B24A666H','Alice','Esposito','07-FEB-1977');
INSERT INTO persona VALUES ('SPMGVQ58R53G771S','Giulia','Bianchi','09-MAR-2000');
INSERT INTO persona VALUES ('KNVPMB79B43H365Z','Ludovica','Romano','05-MAR-1984');
INSERT INTO persona VALUES ('NMAWJT72S46H729K','Francesca','Colombo','27-OTT-1960');
INSERT INTO persona VALUES ('PLOKWZ89H58B350J','Andrea','Ricci','12-APR-1999');
INSERT INTO persona VALUES ('JVGDPD66C03C557G','Greta','Marino','27-MAR-1988');
INSERT INTO persona VALUES ('VOOBJV42S66E970Z','Nicole','Greco','18-AGO-1986');
INSERT INTO persona VALUES ('RTQPCR82C30F175V','Noemi','Bruno','25-MAR-1966');
INSERT INTO persona VALUES ('YFGZZB70A18E273Y','Gabriele','Gallo','26-MAG-1970');
INSERT INTO persona VALUES ('DNHMTX45C61E687Z','Giuseppe','Conti','24-SET-1989');
INSERT INTO persona VALUES ('DDJRZZ65B24A666P','Aurora','De Luca','10-GEN-1970');
INSERT INTO persona VALUES ('TBZJTU60B67I973G','Davide','Mancini','07-APR-1979');
INSERT INTO persona VALUES ('RPKWYZ84H11E216G','Antonio','Costa','15-OTT-1999');
INSERT INTO persona VALUES ('GZSVCJ41S09F880H','Giovanni','Giordano','28-SET-1969');
INSERT INTO persona VALUES ('SVFVMH35P01I498W','Beatrice','Lombardi','05-APR-1986');
INSERT INTO persona VALUES ('WJMHMX43M69F254W','Lorenzo','Moretti','09-AGO-1971');
INSERT INTO persona VALUES ('NRRFLB64D23I997P','Nicolo','Barbieri','27-GIU-1976');
INSERT INTO persona VALUES ('MPGRZQ71T13A806W','Martina','Fontana','24-NOV-1982');
INSERT INTO persona VALUES ('SIEVNM76S49B966D','Tommaso','Santoro','06-APR-1992');
INSERT INTO persona VALUES ('MSMQKH50S70I436R','Vittoria','Mariani','02-APR-1965');
INSERT INTO persona VALUES ('LPRLJN42C55M287S','Christian','Rinaldi','02-DIC-1996');
INSERT INTO persona VALUES ('HKOGPP55A30B710B','Federico','Caruso','07-DIC-1993');
INSERT INTO persona VALUES ('SYYHNX36E69E199L','Samuele','Ferrara','14-NOV-1969');
INSERT INTO persona VALUES ('LQVXTT93D13C516A','Giorgia','Galli','09-MAR-1962');
INSERT INTO persona VALUES ('TGTGGZ73T66Z121G','Anna','Martini','15-FEB-1962');
INSERT INTO persona VALUES ('GBVFRJ57C21H911A','Mattia','Longo','10-MAR-1996');
INSERT INTO persona VALUES ('STVGRZ45R12D768X','Francesco','Martinelli','18-GEN-1977');
INSERT INTO persona VALUES ('DVFMHS72P52A896H','Emma','Lombardo','03-OTT-1976');
INSERT INTO persona VALUES ('HCFPRC75P26C754C','Matteo','Serra','22-LUG-1970');
INSERT INTO persona VALUES ('THZDPB56R71F914R','Riccardo','Coppola','17-MAG-1983');
INSERT INTO persona VALUES ('TFIXPC43C53I604X','Sofia','De Santis','18-GIU-1962');
INSERT INTO persona VALUES ('JCMHST46T48F408I','Gaia','Marchetti','07-OTT-1988');
INSERT INTO persona VALUES ('DPUKRM43P67B641W','Leonardo','Parisi','05-SET-1983');
INSERT INTO persona VALUES ('LHCGAU31A68H752H','Ginevra','Villa','12-NOV-1960');
INSERT INTO persona VALUES ('VFDZZK60P08D760O','Alessandro','Conte','28-MAR-1988');
INSERT INTO persona VALUES ('PYCNHT84B57D547H','Alessandro','Michelini','28-MAR-1988');
INSERT INTO persona VALUES ('GDNPNR98L22E585M','Alessio','Francescani','28-APR-1999');

-- TELEFONO PERSONA
INSERT INTO telefono_persona VALUES ('ZCXDMB48A29C263D','378850096');
INSERT INTO telefono_persona VALUES ('ZCBXRN51H21Z713W','378850096');
INSERT INTO telefono_persona VALUES ('SSXDDF70L44D882J','507855944');
INSERT INTO telefono_persona VALUES ('DDJRZZ65B24A666H','921831338');
INSERT INTO telefono_persona VALUES ('SPMGVQ58R53G771S','911807817');
INSERT INTO telefono_persona VALUES ('KNVPMB79B43H365Z','625311906');
INSERT INTO telefono_persona VALUES ('NMAWJT72S46H729K','156249483');
INSERT INTO telefono_persona VALUES ('NMAWJT72S46H729K','234414295');
INSERT INTO telefono_persona VALUES ('PLOKWZ89H58B350J','422063263');
INSERT INTO telefono_persona VALUES ('JVGDPD66C03C557G','054688626');
INSERT INTO telefono_persona VALUES ('VOOBJV42S66E970Z','592944464');
INSERT INTO telefono_persona VALUES ('RTQPCR82C30F175V','582899115');
INSERT INTO telefono_persona VALUES ('YFGZZB70A18E273Y','061429282');
INSERT INTO telefono_persona VALUES ('DNHMTX45C61E687Z','879173519');
INSERT INTO telefono_persona VALUES ('DDJRZZ65B24A666P','158447359');
INSERT INTO telefono_persona VALUES ('TBZJTU60B67I973G','195248167');
INSERT INTO telefono_persona VALUES ('RPKWYZ84H11E216G','652669920');
INSERT INTO telefono_persona VALUES ('GZSVCJ41S09F880H','115969795');
INSERT INTO telefono_persona VALUES ('SVFVMH35P01I498W','966580407');
INSERT INTO telefono_persona VALUES ('WJMHMX43M69F254W','547704606');
INSERT INTO telefono_persona VALUES ('NRRFLB64D23I997P','978574544');
INSERT INTO telefono_persona VALUES ('MPGRZQ71T13A806W','146805946');
INSERT INTO telefono_persona VALUES ('SIEVNM76S49B966D','511382742');
INSERT INTO telefono_persona VALUES ('MSMQKH50S70I436R','122089434');
INSERT INTO telefono_persona VALUES ('MSMQKH50S70I436R','354044638');
INSERT INTO telefono_persona VALUES ('LPRLJN42C55M287S','044272457');
INSERT INTO telefono_persona VALUES ('HKOGPP55A30B710B','990298141');
INSERT INTO telefono_persona VALUES ('SYYHNX36E69E199L','451865229');
INSERT INTO telefono_persona VALUES ('LQVXTT93D13C516A','595913269');
INSERT INTO telefono_persona VALUES ('TGTGGZ73T66Z121G','499419233');
INSERT INTO telefono_persona VALUES ('GBVFRJ57C21H911A','970166688');
INSERT INTO telefono_persona VALUES ('STVGRZ45R12D768X','035537954');
INSERT INTO telefono_persona VALUES ('DVFMHS72P52A896H','687528551');
INSERT INTO telefono_persona VALUES ('HCFPRC75P26C754C','529173879');
INSERT INTO telefono_persona VALUES ('THZDPB56R71F914R','551314160');
INSERT INTO telefono_persona VALUES ('TFIXPC43C53I604X','515117496');
INSERT INTO telefono_persona VALUES ('JCMHST46T48F408I','528436823');
INSERT INTO telefono_persona VALUES ('TFIXPC43C53I604X','592723139');
INSERT INTO telefono_persona VALUES ('JCMHST46T48F408I','743265014');
INSERT INTO telefono_persona VALUES ('DPUKRM43P67B641W','798542224');
INSERT INTO telefono_persona VALUES ('LHCGAU31A68H752H','065797077');
INSERT INTO telefono_persona VALUES ('VFDZZK60P08D760O','486565041');
INSERT INTO telefono_persona VALUES ('PYCNHT84B57D547H','242824435');
INSERT INTO telefono_persona VALUES ('GDNPNR98L22E585M','437265999');

-- DONATORE
INSERT INTO donatore VALUES
('ZCXDMB48A29C263D','CA73922AG','matilde.rossi@email.com','a','pos',60);
INSERT INTO donatore VALUES
('ZCBXRN51H21Z713W','CB54545AA','edoardo.russo@email.com','b','neg',66);
INSERT INTO donatore VALUES
('SSXDDF70L44D882J','CC64654FA','sara.ferrari@email.com','a','neg',93);
INSERT INTO donatore VALUES
('DDJRZZ65B24A666H','CD35335GA','alice.esposito@email.com','ab','neg',120);
INSERT INTO donatore VALUES
('SPMGVQ58R53G771S','CE73734AG','giulia.bianchi@email.com','b','pos',90);
INSERT INTO donatore VALUES
('KNVPMB79B43H365Z','CF32626AW','ludovica.romano@email.com','b','pos',92);
INSERT INTO donatore VALUES
('NMAWJT72S46H729K','CG34341RE','francesca.colombo@email.com','ab','neg',60);
INSERT INTO donatore VALUES
('PLOKWZ89H58B350J','CH36645TR','andrea.ricci@email.com','z','pos',72);
INSERT INTO donatore VALUES
('JVGDPD66C03C557G','CJ53341GG','greta.marino@email.com','a','pos',114);
INSERT INTO donatore VALUES
('VOOBJV42S66E970Z','CK66633CC','nicole.greco@email.com','ab','pos',87);
INSERT INTO donatore VALUES
('RTQPCR82C30F175V','CL11553HT','noemi.bruno@email.com','a','neg',77);
INSERT INTO donatore VALUES
('YFGZZB70A18E273Y','CQ53775FS','gabriele.gallo@email.com','a','pos',61);
INSERT INTO donatore VALUES
('DNHMTX45C61E687Z','CW45341RW','giuseppe.conti@email.com','b','pos',62);
INSERT INTO donatore VALUES
('DDJRZZ65B24A666P','CE53774GF','aurore.deluca@email.com','ab','neg',51);
INSERT INTO donatore VALUES
('TBZJTU60B67I973G','CR36663GH','davide.mancini@email.com','ab','pos',55);
INSERT INTO donatore VALUES
('RPKWYZ84H11E216G','CT51132FD','antonio.costa@email.com','ab','neg',100);
INSERT INTO donatore VALUES
('GZSVCJ41S09F880H','CY53434GD','giovanni.giordano@email.com','z','pos',97);
INSERT INTO donatore VALUES
('SVFVMH35P01I498W','CY51143VC','beatrice.lombardi@email.com','ab','pos',50);
INSERT INTO donatore VALUES
('WJMHMX43M69F254W','CU53644GG','lorenzo.moretti@email.com','b','pos',60);
INSERT INTO donatore VALUES
('NRRFLB64D23I997P','CI64545AA','nicolo.barbieri@email.com','a','pos',68);


-- TESSERA
INSERT INTO tessera VALUES ('NFOZ9252','ZCXDMB48A29C263D','24-GEN-2015','24-GEN-2016');
INSERT INTO tessera VALUES ('AASS6876','ZCBXRN51H21Z713W','25-GEN-2015','25-GEN-2016');
INSERT INTO tessera VALUES ('WPFG5097','SSXDDF70L44D882J','03-FEB-2015','03-FEB-2016');
INSERT INTO tessera VALUES ('NIPU3367','DDJRZZ65B24A666H','24-SET-2015','24-SET-2016');
INSERT INTO tessera VALUES ('UYRN4573','SPMGVQ58R53G771S','10-NOV-2015','10-NOV-2016');
INSERT INTO tessera VALUES ('LRIH2946','KNVPMB79B43H365Z','01-DIC-2015','01-DIC-2016');
INSERT INTO tessera VALUES ('IURL5343','NMAWJT72S46H729K','27-DIC-2015','27-DIC-2016');
INSERT INTO tessera VALUES ('DOUS1723','PLOKWZ89H58B350J','03-MAR-2017','03-MAR-2018');
INSERT INTO tessera VALUES ('INER9666','JVGDPD66C03C557G','30-MAR-2017','30-MAR-2018');
INSERT INTO tessera VALUES ('JPHA6328','VOOBJV42S66E970Z','05-MAG-2017','05-MAG-2018');
INSERT INTO tessera VALUES ('HDOE3730','RTQPCR82C30F175V','09-SET-2017','09-SET-2018');
INSERT INTO tessera VALUES ('SODL9486','YFGZZB70A18E273Y','02-NOV-2017','02-NOV-2018');
INSERT INTO tessera VALUES ('DVWP7236','DNHMTX45C61E687Z','11-APR-2018','11-APR-2019');
INSERT INTO tessera VALUES ('YUZN3758','DDJRZZ65B24A666P','24-NOV-2018','24-NOV-2019');
INSERT INTO tessera VALUES ('IRJF1497','TBZJTU60B67I973G','28-APR-2019','28-APR-2020');

-- FARMACIA
INSERT INTO farmacia VALUES
('00468990015','Lupo Maria',55,'Via Emanuele Gianturco','Ariano Irpino','AV');
INSERT INTO farmacia VALUES
('00478290015','Grilli',7,'Via Togliatti','Sessa Aurunca','CE');
INSERT INTO farmacia VALUES
('00347199288','Scibelli S.N.C.',98,'Via Aldo Moro','Eboli','SA');
INSERT INTO farmacia VALUES
('03048989921','Landolfi',157,'Via Pittore','Campagna','SA');
INSERT INTO farmacia VALUES
('00445900065','Futura',166,'Via Salvator Rosa','Benevento','BN');
INSERT INTO farmacia VALUES
('03992148782','Torella Gloria',170,'Piazza Vittorio Emanuele II','Sanza','SA');
INSERT INTO farmacia VALUES
('01898932223','Manzoni',19,'Via IV Novembre','Napoli','NA');
INSERT INTO farmacia VALUES
('00348999127','Tarallo Gaetano',48,'Via Alessandro Manzoni','Capaccio','SA');
INSERT INTO farmacia VALUES
('04240999412','Dr.Ssa Lupo',102,'Via Patacca','Montesano','SA');
INSERT INTO farmacia VALUES
('04309001112','Malta',82,'Via Armando Diaz','Bisaccia','AV');
INSERT INTO farmacia VALUES
('05398983255','Della Scimmia',166,'Via S. Cristoforo','Morcone','BN');
INSERT INTO farmacia VALUES
('03904837983','Bellavista',38,'Piazza della Meridiana','Calitri','AV');
INSERT INTO farmacia VALUES
('03487819911','Celotto',157,'Via Giuseppe Verdi','Giugliano','BN');
INSERT INTO farmacia VALUES
('43878934311','Cormons',171,'Via Francesco Cappiello','Giffoni Valle Piana','SA');
INSERT INTO farmacia VALUES
('04308991123','Alma',69,'Via Tuffarelli Bolino','Montella','SA');

-- TELEFONO FARMACIA
INSERT INTO telefono_farmacia VALUES ('00468990015','215913030');
INSERT INTO telefono_farmacia VALUES ('00478290015','665738294');
INSERT INTO telefono_farmacia VALUES ('00347199288','903469840');
INSERT INTO telefono_farmacia VALUES ('03048989921','636137531');
INSERT INTO telefono_farmacia VALUES ('00445900065','572145975');
INSERT INTO telefono_farmacia VALUES ('03992148782','990298141');
INSERT INTO telefono_farmacia VALUES ('01898932223','944280174');
INSERT INTO telefono_farmacia VALUES ('00348999127','216829683');
INSERT INTO telefono_farmacia VALUES ('04240999412','494609106');
INSERT INTO telefono_farmacia VALUES ('04309001112','970166688');
INSERT INTO telefono_farmacia VALUES ('05398983255','396979947');
INSERT INTO telefono_farmacia VALUES ('03904837983','112673583');
INSERT INTO telefono_farmacia VALUES ('03487819911','577766766');
INSERT INTO telefono_farmacia VALUES ('43878934311','104791796');
INSERT INTO telefono_farmacia VALUES ('04308991123','275432881');
INSERT INTO telefono_farmacia VALUES ('03992148782','652022201');
INSERT INTO telefono_farmacia VALUES ('00348999127','436980269');
INSERT INTO telefono_farmacia VALUES ('00468990015','791786438');
INSERT INTO telefono_farmacia VALUES ('00348999127','552765995');
INSERT INTO telefono_farmacia VALUES ('04309001112','794492418');

-- PRODOTTO
INSERT INTO prodotto VALUES
('112932784382','La Rochi Posthelios Gel Emolliente lenitivo doposole',11.90);
INSERT INTO prodotto VALUES
('917534907379','Oral-H Spazzolino Elettrico ricaricabile per bambini',34.90);
INSERT INTO prodotto VALUES
('654642645656','Lirac Body-Nutri+Latte Relipidante',14.90);
INSERT INTO prodotto VALUES
('734573454365','Dicray Shampoo Extra Delicato',15.70);
INSERT INTO prodotto VALUES
('123213215465','Semitoline Snellente Pancia e Fianchi ',24.90);
INSERT INTO prodotto VALUES
('345134343422','Megradyn Ricarica effervescente',15.40);
INSERT INTO prodotto VALUES
('432231253523','Spicchiasol Primum Ciliegia Nera',19.90);
INSERT INTO prodotto VALUES
('343134124321','Aucerin Hyaluron Filler Vitamina C Booster ',14.20);
INSERT INTO prodotto VALUES
('635628187452','Wlorane Balsamo alla cera di Ylang Ylang ',11.90);
INSERT INTO prodotto VALUES
('456434534623','Mierac Arkeskin+ Crema correzione pelle secca',18.90);
INSERT INTO prodotto VALUES
('443435456437','Plorane Gel Doccia Nutritivo foglie',12.80);
INSERT INTO prodotto VALUES
('455324427896','Trioderma Photoderm MAX',18.40);
INSERT INTO prodotto VALUES
('124647658543','Jlorane Shampoo Fortificante e Stimolante ',12.70);
INSERT INTO prodotto VALUES
('234466662345','Jlorane Shampoo Secco e rivitalizzante',12.70);
INSERT INTO prodotto VALUES
('677632445325','FERRUM Sciroppo',19.40);
INSERT INTO prodotto VALUES
('464376346444','PhysioManna BABY ',14.40);
INSERT INTO prodotto VALUES
('415343657777','Meritene Polvere Vaniglia Forza e Vitalità',10.30);
INSERT INTO prodotto VALUES
('342432156577','ZarFos integratore di fermenti lattici vivi',10.30);
INSERT INTO prodotto VALUES
('565477754545','FORTE integratore di Ferro con Vitamina C',9.90);
INSERT INTO prodotto VALUES
('345236777732','MSM spray soluzione salina colloidea',7.80);

-- CONVENZIONE
INSERT INTO convenzione VALUES ('27YE','112932784382',40,'01-LUG-2016','00468990015');
INSERT INTO convenzione VALUES ('62LL','917534907379',35,'04-OTT-2016','00468990015');
INSERT INTO convenzione VALUES ('45II','654642645656',60,'23-SET-2016','00468990015');
INSERT INTO convenzione VALUES ('55ZJ','734573454365',20,'01-NOV-2016','00478290015');
INSERT INTO convenzione VALUES ('70YU','123213215465',50,'24-NOV-2016','00478290015');
INSERT INTO convenzione VALUES ('13WP','345134343422',60,'12-APR-2017','00478290015');
INSERT INTO convenzione VALUES ('27PU','432231253523',50,'16-MAG-2017','00347199288');
INSERT INTO convenzione VALUES ('91DF','343134124321',60,'08-GIU-2017','00347199288');
INSERT INTO convenzione VALUES ('36MP','635628187452',45,'22-GIU-2017','00347199288');
INSERT INTO convenzione VALUES ('04HZ','456434534623',60,'03-AGO-2017','03048989921');
INSERT INTO convenzione VALUES ('82QS','443435456437',45,'22-SET-2017','03048989921');
INSERT INTO convenzione VALUES ('04NL','455324427896',40,'06-GEN-2018','03048989921');
INSERT INTO convenzione VALUES ('55ND','124647658543',40,'01-MAR-2018','00445900065');
INSERT INTO convenzione VALUES ('75AF','234466662345',40,'04-MAR-2018','00445900065');
INSERT INTO convenzione VALUES ('34GC','677632445325',40,'07-MAR-2018','00445900065');
INSERT INTO convenzione VALUES ('02SA','464376346444',45,'15-MAG-2018','03992148782');
INSERT INTO convenzione VALUES ('19IX','415343657777',50,'26-GIU-2018','03992148782');
INSERT INTO convenzione VALUES ('70PY','342432156577',50,'14-OTT-2018','03992148782');
INSERT INTO convenzione VALUES ('23EL','565477754545',40,'14-GEN-2019','01898932223');
INSERT INTO convenzione VALUES ('53RQ','345236777732',20,'01-LUG-2019','01898932223');
INSERT INTO convenzione VALUES ('75EW','112932784382',60,'26-LUG-2019','01898932223');
INSERT INTO convenzione VALUES ('41AK','917534907379',20,'04-OTT-2019','00348999127');
INSERT INTO convenzione VALUES ('31WX','654642645656',60,'06-SET-2019','00348999127');
INSERT INTO convenzione VALUES ('99IL','734573454365',50,'02-DIC-2019','00348999127');
INSERT INTO convenzione VALUES ('96DT','123213215465',50,'08-DIC-2019','04240999412');
INSERT INTO convenzione VALUES ('16QH','345134343422',40,'19-LUG-2016','04240999412');
INSERT INTO convenzione VALUES ('78EX','432231253523',50,'23-AGO-2016','04240999412');
INSERT INTO convenzione VALUES ('10EA','343134124321',35,'30-AGO-2016','04309001112');
INSERT INTO convenzione VALUES ('30OR','635628187452',45,'12-SET-2016','04309001112');
INSERT INTO convenzione VALUES ('99CJ','456434534623',35,'08-FEB-2017','04309001112');
INSERT INTO convenzione VALUES ('24DU','443435456437',20,'31-LUG-2017','05398983255');
INSERT INTO convenzione VALUES ('34AD','455324427896',50,'11-AGO-2017','05398983255');
INSERT INTO convenzione VALUES ('64KI','124647658543',50,'23-DIC-2017','05398983255');
INSERT INTO convenzione VALUES ('86PA','234466662345',35,'08-GEN-2018','03904837983');
INSERT INTO convenzione VALUES ('86VP','677632445325',60,'18-MAR-2018','03904837983');
INSERT INTO convenzione VALUES ('15UW','464376346444',45,'02-APR-2018','03904837983');
INSERT INTO convenzione VALUES ('41BT','415343657777',50,'17-APR-2018','03487819911');
INSERT INTO convenzione VALUES ('85LE','342432156577',60,'22-MAG-2018','03487819911');
INSERT INTO convenzione VALUES ('01RZ','565477754545',45,'18-GIU-2018','03487819911');
INSERT INTO convenzione VALUES ('48WB','345236777732',40,'17-LUG-2018','43878934311');
INSERT INTO convenzione VALUES ('75XB','112932784382',60,'02-OTT-2018','43878934311');
INSERT INTO convenzione VALUES ('68VH','917534907379',60,'02-NOV-2018','43878934311');
INSERT INTO convenzione VALUES ('77EB','654642645656',50,'19-NOV-2018','04308991123');
INSERT INTO convenzione VALUES ('93HL','734573454365',60,'26-NOV-2018','04308991123');
INSERT INTO convenzione VALUES ('89RH','123213215465',35,'31-DIC-2018','04308991123');

-- UTILIZZA

INSERT INTO utilizza VALUES ('AASS6876','86PA','03-FEB-2016');
INSERT INTO utilizza VALUES ('AASS6876','86VP','01-DIC-2016');
INSERT INTO utilizza VALUES ('AASS6876','15UW','03-MAR-2016');
INSERT INTO utilizza VALUES ('AASS6876','68VH','24-GEN-2015');
INSERT INTO utilizza VALUES ('WPFG5097','04NL','11-APR-2015');
INSERT INTO utilizza VALUES ('WPFG5097','55ND','11-APR-2015');
INSERT INTO utilizza VALUES ('WPFG5097','75AF','27-DIC-2015');
INSERT INTO utilizza VALUES ('WPFG5097','02SA','27-DIC-2015');
INSERT INTO utilizza VALUES ('WPFG5097','02SA','28-DIC-2015');
INSERT INTO utilizza VALUES ('NIPU3367','48WB','03-SET-2015');
INSERT INTO utilizza VALUES ('NIPU3367','75XB','04-FEB-2016');
INSERT INTO utilizza VALUES ('NIPU3367','68VH','15-MAR-2016');
INSERT INTO utilizza VALUES ('NIPU3367','93HL','21-AGO-2016');
INSERT INTO utilizza VALUES ('UYRN4573','53RQ','21-AGO-2016');
INSERT INTO utilizza VALUES ('UYRN4573','27PU','12-MAR-2016');
INSERT INTO utilizza VALUES ('UYRN4573','19IX','08-MAR-2017');
INSERT INTO utilizza VALUES ('UYRN4573','19IX','14-MAG-2017');
INSERT INTO utilizza VALUES ('LRIH2946','82QS','14-MAG-2016');
INSERT INTO utilizza VALUES ('LRIH2946','04HZ','11-APR-2016');
INSERT INTO utilizza VALUES ('LRIH2946','04HZ','11-APR-2016');
INSERT INTO utilizza VALUES ('LRIH2946','82QS','04-FEB-2016');
INSERT INTO utilizza VALUES ('IURL5343','04HZ','28-DIC-2015');
INSERT INTO utilizza VALUES ('IURL5343','27PU','28-DIC-2015');
INSERT INTO utilizza VALUES ('IURL5343','04NL','22-SET-2016');
INSERT INTO utilizza VALUES ('IURL5343','04HZ','18-OTT-2016');
INSERT INTO utilizza VALUES ('IURL5343','01RZ','03-OTT-2016');
INSERT INTO utilizza VALUES ('DOUS1723','99IL','03-APR-2017');
INSERT INTO utilizza VALUES ('DOUS1723','86VP','13-MAR-2017');
INSERT INTO utilizza VALUES ('DOUS1723','96DT','22-GIU-2017');
INSERT INTO utilizza VALUES ('DOUS1723','96DT','28-NOV-2017');
INSERT INTO utilizza VALUES ('INER9666','02SA','28-AGO-2017');
INSERT INTO utilizza VALUES ('INER9666','77EB','22-SET-2017');
INSERT INTO utilizza VALUES ('INER9666','75XB','28-DIC-2017');
INSERT INTO utilizza VALUES ('INER9666','75XB','28-FEB-2018');
INSERT INTO utilizza VALUES ('JPHA6328','31WX','28-AGO-2017');
INSERT INTO utilizza VALUES ('JPHA6328','75EW','18-GEN-2018');
INSERT INTO utilizza VALUES ('JPHA6328','99IL','18-GEN-2018');
INSERT INTO utilizza VALUES ('JPHA6328','70PY','28-MAR-2017');
INSERT INTO utilizza VALUES ('HDOE3730','70PY','25-AGO-2017');
INSERT INTO utilizza VALUES ('HDOE3730','23EL','21-SET-2017');
INSERT INTO utilizza VALUES ('HDOE3730','68VH','07-DIC-2017');
INSERT INTO utilizza VALUES ('HDOE3730','77EB','10-FEB-2018');
INSERT INTO utilizza VALUES ('SODL9486','23EL','03-APR-2017');
INSERT INTO utilizza VALUES ('SODL9486','53RQ','13-APR-2017');
INSERT INTO utilizza VALUES ('SODL9486','41AK','22-MAG-2017');
INSERT INTO utilizza VALUES ('SODL9486','41AK','28-NOV-2017');
INSERT INTO utilizza VALUES ('DVWP7236','53RQ','03-APR-2018');
INSERT INTO utilizza VALUES ('DVWP7236','53RQ','13-AGO-2018');
INSERT INTO utilizza VALUES ('DVWP7236','31WX','22-MAR-2018');
INSERT INTO utilizza VALUES ('DVWP7236','31WX','28-MAR-2018');

-- CENTRO MOBILE
INSERT INTO centro_mobile VALUES ('BB543HR','autoemoteca');
INSERT INTO centro_mobile VALUES ('AA236JS','autoemoteca');
INSERT INTO centro_mobile VALUES ('CF623YR','autoemoteca');
INSERT INTO centro_mobile VALUES ('AD647WR','autoemoteca');
INSERT INTO centro_mobile VALUES ('BE366GA','autoemoteca');
INSERT INTO centro_mobile VALUES ('QQ363AV','autoemoteca');
INSERT INTO centro_mobile VALUES ('EQ347GS','autoemoteca');
INSERT INTO centro_mobile VALUES ('EE518TT','autoemoteca');
INSERT INTO centro_mobile VALUES ('AE753WE','autoemoteca');
INSERT INTO centro_mobile VALUES ('EA721TE','autoemoteca');
INSERT INTO centro_mobile VALUES ('BA854HF','autoambulanza');
INSERT INTO centro_mobile VALUES ('BB537TE','autoambulanza');
INSERT INTO centro_mobile VALUES ('AH532QW','autoambulanza');
INSERT INTO centro_mobile VALUES ('AE658HG','autoambulanza');
INSERT INTO centro_mobile VALUES ('AI133CW','autoambulanza');

-- LABORATORIO ANALISI
INSERT INTO laboratorio_analisi VALUES
('K14IFX','Microlab Group',58,'Via S. Giorgio Vecchio','Benevento','BN','Palmira ','Greco');
INSERT INTO laboratorio_analisi VALUES
('4MBW8Z','Manzoni',20,'Via Don Giuseppe Morosini','Sanza','SA','Ildebrando','Loggia');
INSERT INTO laboratorio_analisi VALUES
('F8WIZT','Lifebrain',5,'Via togliatti','Napoli','NA','Benedetto','Milani');
INSERT INTO laboratorio_analisi VALUES
('XGYLFW','Centro Vesuviano Analisi Sas',57,'Via Alessandro Manzoni','San Giorgio a Cremano','NA','Mattia','Giordano');
INSERT INTO laboratorio_analisi VALUES
('MW2K8Z','Dr.R.Marino Snc',80,'Via Pagliano','Portici','NA','Albertino','Castiglione');
INSERT INTO laboratorio_analisi VALUES
('8QPT95','Ermete S.r.l.',15,'Via Cavalli di Bronzo','Ercolano','NA','Artemisia','Marino');
INSERT INTO laboratorio_analisi VALUES
('PIPWTW','Sem',11,'Via Recanati','Torre Annunziata','NA','Antonina','Beneventi');
INSERT INTO laboratorio_analisi VALUES
('JXOAPI','Madolab s.a.s.',48,'Via Margherita di Savoia','Torre del greco','NA','Camillo','Rossi');
INSERT INTO laboratorio_analisi VALUES
('HQKL6T','Centro Diagnostico Vesuviano',66,'Via Alessandro Manzoni','Pompei','NA','Susanna','Fiorentini');
INSERT INTO laboratorio_analisi VALUES
('WZHL8C','Centro Guarracino s.a.s.',79,'Via Farina','Pompei','NA','Vito','Udinese');
INSERT INTO laboratorio_analisi VALUES
('E24ITE','Ecosistem S.r.l.',10,'Via Guglielmo Marconi','Pozzuoli','NA','Venanzio','Ferri');
INSERT INTO laboratorio_analisi VALUES
('QUP3MU','Biofarm s.r.l. Centro di Saggio',32,'Corso Bruno Buozzi','San Giorgio a Cremano','NA','Edmondo','Zito');
INSERT INTO laboratorio_analisi VALUES
('M7QORJ','Consorzio Ilardi',21,'Piazza Trieste','San giuseppe','AV','Petronilla','Rizzo');
INSERT INTO laboratorio_analisi VALUES
('QW8YAZ','Diagnostica Anniballo',51,'Viale Margherita','Portici','NA','Costanzo','Napolitani');
INSERT INTO laboratorio_analisi VALUES
('B4H4QO','Gamma X',77,'Corso Giuseppe Garibaldi','Portici','NA','Penelope','Colombo');

-- TELEFONO LABORATORIO ANALISI
INSERT INTO telefono_lab_analisi VALUES ('K14IFX','212314030');
INSERT INTO telefono_lab_analisi VALUES ('4MBW8Z','652346294');
INSERT INTO telefono_lab_analisi VALUES ('F8WIZT','902344840');
INSERT INTO telefono_lab_analisi VALUES ('XGYLFW','123233531');
INSERT INTO telefono_lab_analisi VALUES ('MW2K8Z','572434975');
INSERT INTO telefono_lab_analisi VALUES ('8QPT95','995675671');
INSERT INTO telefono_lab_analisi VALUES ('PIPWTW','942525534');
INSERT INTO telefono_lab_analisi VALUES ('JXOAPI','215325323');
INSERT INTO telefono_lab_analisi VALUES ('HQKL6T','495239346');
INSERT INTO telefono_lab_analisi VALUES ('WZHL8C','970233248');
INSERT INTO telefono_lab_analisi VALUES ('E24ITE','396131239');
INSERT INTO telefono_lab_analisi VALUES ('QUP3MU','152354233');
INSERT INTO telefono_lab_analisi VALUES ('QUP3MU','562454446');
INSERT INTO telefono_lab_analisi VALUES ('M7QORJ','103423436');
INSERT INTO telefono_lab_analisi VALUES ('QW8YAZ','223432441');
INSERT INTO telefono_lab_analisi VALUES ('B4H4QO','652343241');
INSERT INTO telefono_lab_analisi VALUES ('PIPWTW','436435439');
INSERT INTO telefono_lab_analisi VALUES ('MW2K8Z','734543548');
INSERT INTO telefono_lab_analisi VALUES ('XGYLFW','562626265');
INSERT INTO telefono_lab_analisi VALUES ('HQKL6T','745454446');

-- PROFESSIONISTA SANITARIO
INSERT INTO professionista_sanitario VALUES
('VG92XUB45V','Goffredo','Farina','04-APR-1956','medico','dermatologia','K14IFX');
INSERT INTO professionista_sanitario VALUES
('IG0ED4WJJ0','Amarilli','Rossetti','28-OTT-1961','medico','dermatologia','4MBW8Z');
INSERT INTO professionista_sanitario VALUES
('HK4VSU4QSS','Alcina','Caputo','29-NOV-1961','medico','odontoiatria','F8WIZT');
INSERT INTO professionista_sanitario VALUES
('XV4UOMPIZD','Adolfo','Montanari','01-OTT-1963','medico','odontoiatria','XGYLFW');
INSERT INTO professionista_sanitario VALUES
('FM1EZBSIZT','Donna','Guerra','20-AGO-1964','medico','neurologia','MW2K8Z');
INSERT INTO professionista_sanitario VALUES
('LXD4XNHKS5','Moreno','Palmieri','31-OTT-1965','medico','neurologia','8QPT95');
INSERT INTO professionista_sanitario VALUES
('KUENT7H99E','Boris','Bernardi','12-LUG-1966','medico','logopediatria','PIPWTW');
INSERT INTO professionista_sanitario VALUES
('HP6HOOVVUQ','Agave','Martino','17-AGO-1966','medico','logopediatria','JXOAPI');
INSERT INTO professionista_sanitario VALUES
('K3Z19SX2KO','Abramo','Fiore','08-GIU-1968','medico','terapista','HQKL6T');
INSERT INTO professionista_sanitario VALUES
('ERQXHDURKJ','Giulia','De Rosa','22-OTT-1970','medico','terapista','WZHL8C');
INSERT INTO professionista_sanitario VALUES
('NUF7WEMMDX','Gilberto','Ferretti','09-OTT-1971','infermiere','ostetrica','E24ITE');
INSERT INTO professionista_sanitario VALUES
('1C4SH9DN9U','Augusto','Bellini','03-NOV-1972','infermiere','ostetrica','QUP3MU');
INSERT INTO professionista_sanitario VALUES
('8UOS3TJP2P','Modesto','Basile','03-SET-1973','infermiere','ostetrica','M7QORJ');
INSERT INTO professionista_sanitario VALUES
('U3A4T45W30','Gail','Riva','10-APR-1990','infermiere','ostetrica','QW8YAZ');
INSERT INTO professionista_sanitario VALUES
('KALQWILQQ3','Aramis','Donati','30-GEN-1974','infermiere','ostetrica','B4H4QO');
INSERT INTO professionista_sanitario VALUES
('9XXXUNQZNT','Manlio','Piras','15-GIU-1975','infermiere','ostetrica','K14IFX');
INSERT INTO professionista_sanitario VALUES
('1AZOHRTRRV','Aroldo','Vitali','31-GEN-1976','infermiere','ostetrica','4MBW8Z');
INSERT INTO professionista_sanitario VALUES
('MU69SWBIVO','Gaspare','Battaglia','11-MAG-1981','infermiere','neurologia','F8WIZT');
INSERT INTO professionista_sanitario VALUES
('6D0HOWW38F','Athos','Sartori','25-AGO-1982','infermiere','neurologia','XGYLFW');
INSERT INTO professionista_sanitario VALUES
('SKWWLFCRID','Gea','Neri','02-MAG-1985','infermiere','neurologia','MW2K8Z');
INSERT INTO professionista_sanitario VALUES
('D0BU5YHZ14','Azzurra','Costantini','16-NOV-1989','infermiere','fisioterapia','8QPT95');
INSERT INTO professionista_sanitario VALUES
('M4LKN5OGMA','Asteria','Milani','18-NOV-1991','infermiere','fisioterapia','PIPWTW');
INSERT INTO professionista_sanitario VALUES
('URKX2CUHRL','Attilio','Pagano','13-DIC-1991','infermiere','fisioterapia','JXOAPI');
INSERT INTO professionista_sanitario VALUES
('EZTSSEHAES','Mainard','Ruggiero','03-MAR-1992','infermiere','fisioterapia','HQKL6T');
INSERT INTO professionista_sanitario VALUES
('OVY33FTF4Y','Angela','Sorrentino','22-DIC-1992','infermiere','fisioterapia','WZHL8C');
INSERT INTO professionista_sanitario VALUES
('RJITMV503R','Gilda','Orlando','29-AGO-1993','infermiere','fisioterapia','E24ITE');
INSERT INTO professionista_sanitario VALUES
('0W5MLNCMVA','Doriano','Orlando','05-NOV-1955','infermiere','endocrinologia','QUP3MU');
INSERT INTO professionista_sanitario VALUES
('CXHVQT9AWT','Glenda','Sanna','29-LUG-1960','infermiere','endocrinologia','M7QORJ');
INSERT INTO professionista_sanitario VALUES
('D0QJ3JFF1W','Maddalena','Serra','06-LUG-1961','infermiere','endocrinologia','QW8YAZ');
INSERT INTO professionista_sanitario VALUES
('YA4V10OG4A','Ciro','Esposito','13-FEB-1962','infermiere','endocrinologia','B4H4QO');

-- TELEFONO PROFESSIONISTA SANITARIO
INSERT INTO telefono_pro_san VALUES ('VG92XUB45V','K14IFX','378833096');
INSERT INTO telefono_pro_san VALUES ('IG0ED4WJJ0','4MBW8Z','434233096');
INSERT INTO telefono_pro_san VALUES ('HK4VSU4QSS','F8WIZT','544533096');
INSERT INTO telefono_pro_san VALUES ('XV4UOMPIZD','XGYLFW','535333096');
INSERT INTO telefono_pro_san VALUES ('FM1EZBSIZT','MW2K8Z','343433096');
INSERT INTO telefono_pro_san VALUES ('LXD4XNHKS5','8QPT95','678857676');
INSERT INTO telefono_pro_san VALUES ('KUENT7H99E','PIPWTW','373432496');
INSERT INTO telefono_pro_san VALUES ('HP6HOOVVUQ','JXOAPI','378535096');
INSERT INTO telefono_pro_san VALUES ('K3Z19SX2KO','HQKL6T','238833096');
INSERT INTO telefono_pro_san VALUES ('ERQXHDURKJ','WZHL8C','373434309');
INSERT INTO telefono_pro_san VALUES ('NUF7WEMMDX','E24ITE','378454546');
INSERT INTO telefono_pro_san VALUES ('1C4SH9DN9U','QUP3MU','373432096');
INSERT INTO telefono_pro_san VALUES ('8UOS3TJP2P','M7QORJ','374545309');
INSERT INTO telefono_pro_san VALUES ('U3A4T45W30','QW8YAZ','334383309');
INSERT INTO telefono_pro_san VALUES ('KALQWILQQ3','B4H4QO','342334789');
INSERT INTO telefono_pro_san VALUES ('9XXXUNQZNT','K14IFX','343243246');
INSERT INTO telefono_pro_san VALUES ('1AZOHRTRRV','4MBW8Z','772725224');
INSERT INTO telefono_pro_san VALUES ('MU69SWBIVO','F8WIZT','625453344');
INSERT INTO telefono_pro_san VALUES ('6D0HOWW38F','XGYLFW','536663443');
INSERT INTO telefono_pro_san VALUES ('SKWWLFCRID','MW2K8Z','155334345');
INSERT INTO telefono_pro_san VALUES ('D0BU5YHZ14','8QPT95','654652243');
INSERT INTO telefono_pro_san VALUES ('M4LKN5OGMA','PIPWTW','511334424');
INSERT INTO telefono_pro_san VALUES ('URKX2CUHRL','JXOAPI','252235635');
INSERT INTO telefono_pro_san VALUES ('EZTSSEHAES','HQKL6T','363344415');
INSERT INTO telefono_pro_san VALUES ('OVY33FTF4Y','WZHL8C','515134233');
INSERT INTO telefono_pro_san VALUES ('RJITMV503R','E24ITE','524341366');
INSERT INTO telefono_pro_san VALUES ('0W5MLNCMVA','QUP3MU','515121455');
INSERT INTO telefono_pro_san VALUES ('CXHVQT9AWT','M7QORJ','142411133');
INSERT INTO telefono_pro_san VALUES ('D0QJ3JFF1W','QW8YAZ','555533444');
INSERT INTO telefono_pro_san VALUES ('YA4V10OG4A','B4H4QO','114141444');

-- TURNO LAVORATIVO
INSERT INTO turno_lavorativo VALUES
('24-GEN-2015','Piazza Bellini','BN','Torre del greco','VG92XUB45V','K14IFX','K14IFX',NULL,'BB543HR');
INSERT INTO turno_lavorativo VALUES
('25-GEN-2015','Piazza Carità','NA','Napoli','IG0ED4WJJ0','4MBW8Z','4MBW8Z',NULL,'AA236JS');
INSERT INTO turno_lavorativo VALUES
('03-FEB-2015','Piazzetta Duca Aosta','AV','San Giuseppe','HK4VSU4QSS','F8WIZT','F8WIZT',NULL,'CF623YR');
INSERT INTO turno_lavorativo VALUES
('24-SET-2015','Piazza Nazionale','NA','Pompei','XV4UOMPIZD','XGYLFW','XGYLFW',NULL,'AD647WR');
INSERT INTO turno_lavorativo VALUES
('10-NOV-2015','Piazzetta Nilo','NA','San Giorgio a Creman','FM1EZBSIZT','MW2K8Z','MW2K8Z',NULL,'BE366GA');
INSERT INTO turno_lavorativo VALUES
('01-DIC-2015','Piazza Quattro Giornate','NA','Napoli','LXD4XNHKS5','8QPT95','8QPT95',NULL,'QQ363AV');
INSERT INTO turno_lavorativo VALUES
('27-DIC-2015','Tondo di Capodimonte','NA','Napoli','KUENT7H99E','PIPWTW','PIPWTW',NULL,'EQ347GS');
INSERT INTO turno_lavorativo VALUES
('03-MAR-2017','Piazza Vanvitelli','SA','Ildebrando','HP6HOOVVUQ','JXOAPI','JXOAPI',NULL,'EE518TT');
INSERT INTO turno_lavorativo VALUES
('30-MAR-2017','Piazza Vanvitelli','SA','Ildebrando','K3Z19SX2KO','HQKL6T','HQKL6T',NULL,'AE753WE');
INSERT INTO turno_lavorativo VALUES
('05-MAG-2017','Piazza Bellini','BN','Benevento','ERQXHDURKJ','WZHL8C','WZHL8C',NULL,'EA721TE');
INSERT INTO turno_lavorativo VALUES
('09-SET-2017','Piazza Carità','NA','Torre del greco','IG0ED4WJJ0','4MBW8Z','E24ITE',NULL,'BA854HF');
INSERT INTO turno_lavorativo VALUES
('02-NOV-2017','Piazzetta Nilo','NA','Napoli','XV4UOMPIZD','XGYLFW','QUP3MU',NULL,'BB537TE');
INSERT INTO turno_lavorativo VALUES
('11-APR-2018','Tondo di Capodimonte','NA','San Giorgio a Creman','LXD4XNHKS5','8QPT95','M7QORJ',NULL,'AH532QW');
INSERT INTO turno_lavorativo VALUES
('24-NOV-2018','Piazza Nazionale','NA','Pompei','IG0ED4WJJ0','4MBW8Z','QW8YAZ',NULL,'AE658HG');
INSERT INTO turno_lavorativo VALUES
('28-APR-2019','Via Toledo','NA','Napoli','ERQXHDURKJ','WZHL8C','B4H4QO',NULL,'AI133CW');

-- ASSISTE
INSERT INTO assiste VALUES ('NUF7WEMMDX','E24ITE','24-GEN-2015','BB543HR');
INSERT INTO assiste VALUES ('1C4SH9DN9U','QUP3MU','24-GEN-2015','BB543HR');
INSERT INTO assiste VALUES ('8UOS3TJP2P','M7QORJ','25-GEN-2015','AA236JS');
INSERT INTO assiste VALUES ('U3A4T45W30','QW8YAZ','25-GEN-2015','AA236JS');
INSERT INTO assiste VALUES ('KALQWILQQ3','B4H4QO','03-FEB-2015','CF623YR');
INSERT INTO assiste VALUES ('9XXXUNQZNT','K14IFX','03-FEB-2015','CF623YR');
INSERT INTO assiste VALUES ('1AZOHRTRRV','4MBW8Z','24-SET-2015','AD647WR');
INSERT INTO assiste VALUES ('MU69SWBIVO','F8WIZT','24-SET-2015','AD647WR');
INSERT INTO assiste VALUES ('6D0HOWW38F','XGYLFW','10-NOV-2015','BE366GA');
INSERT INTO assiste VALUES ('SKWWLFCRID','MW2K8Z','10-NOV-2015','BE366GA');
INSERT INTO assiste VALUES ('D0BU5YHZ14','8QPT95','01-DIC-2015','QQ363AV');
INSERT INTO assiste VALUES ('M4LKN5OGMA','PIPWTW','01-DIC-2015','QQ363AV');
INSERT INTO assiste VALUES ('URKX2CUHRL','JXOAPI','27-DIC-2015','EQ347GS');
INSERT INTO assiste VALUES ('EZTSSEHAES','HQKL6T','27-DIC-2015','EQ347GS');
INSERT INTO assiste VALUES ('OVY33FTF4Y','WZHL8C','03-MAR-2017','EE518TT');
INSERT INTO assiste VALUES ('RJITMV503R','E24ITE','03-MAR-2017','EE518TT');
INSERT INTO assiste VALUES ('0W5MLNCMVA','QUP3MU','30-MAR-2017','AE753WE');
INSERT INTO assiste VALUES ('CXHVQT9AWT','M7QORJ','30-MAR-2017','AE753WE');
INSERT INTO assiste VALUES ('D0QJ3JFF1W','QW8YAZ','05-MAG-2017','EA721TE');
INSERT INTO assiste VALUES ('YA4V10OG4A','B4H4QO','05-MAG-2017','EA721TE');
INSERT INTO assiste VALUES ('NUF7WEMMDX','E24ITE','09-SET-2017','BA854HF');
INSERT INTO assiste VALUES ('1C4SH9DN9U','QUP3MU','09-SET-2017','BA854HF');
INSERT INTO assiste VALUES ('8UOS3TJP2P','M7QORJ','02-NOV-2017','BB537TE');
INSERT INTO assiste VALUES ('U3A4T45W30','QW8YAZ','02-NOV-2017','BB537TE');
INSERT INTO assiste VALUES ('KALQWILQQ3','B4H4QO','11-APR-2018','AH532QW');
INSERT INTO assiste VALUES ('9XXXUNQZNT','K14IFX','11-APR-2018','AH532QW');
INSERT INTO assiste VALUES ('1AZOHRTRRV','4MBW8Z','24-NOV-2018','AE658HG');
INSERT INTO assiste VALUES ('MU69SWBIVO','F8WIZT','24-NOV-2018','AE658HG');
INSERT INTO assiste VALUES ('6D0HOWW38F','XGYLFW','28-APR-2019','AI133CW');
INSERT INTO assiste VALUES ('SKWWLFCRID','MW2K8Z','28-APR-2019','AI133CW');

-- VOLONTARIO
INSERT INTO volontario VALUES ('MPGRZQ71T13A806W','licenza media','disoccupato');
INSERT INTO volontario VALUES ('SIEVNM76S49B966D','licenza media','libero professionista');
INSERT INTO volontario VALUES ('MSMQKH50S70I436R','licenza media','operaio edile');
INSERT INTO volontario VALUES ('LPRLJN42C55M287S','licenza media','cartoliere');
INSERT INTO volontario VALUES ('HKOGPP55A30B710B','diploma','disoccupato');
INSERT INTO volontario VALUES ('SYYHNX36E69E199L','diploma','disoccupato');
INSERT INTO volontario VALUES ('LQVXTT93D13C516A','diploma','libero professionista');
INSERT INTO volontario VALUES ('TGTGGZ73T66Z121G','diploma','libero professionista');
INSERT INTO volontario VALUES ('GBVFRJ57C21H911A','diploma','libero professionista');
INSERT INTO volontario VALUES ('STVGRZ45R12D768X','diploma','libero professionista');
INSERT INTO volontario VALUES ('DVFMHS72P52A896H','diploma','libero professionista');
INSERT INTO volontario VALUES ('HCFPRC75P26C754C','diploma','libero professionista');
INSERT INTO volontario VALUES ('THZDPB56R71F914R','diploma','libero professionista');
INSERT INTO volontario VALUES ('TFIXPC43C53I604X','diploma','impiegato');
INSERT INTO volontario VALUES ('JCMHST46T48F408I','diploma','impiegato');
INSERT INTO volontario VALUES ('DPUKRM43P67B641W','laurea triennale','disoccupato');
INSERT INTO volontario VALUES ('LHCGAU31A68H752H','laurea triennale','impiegato');
INSERT INTO volontario VALUES ('VFDZZK60P08D760O','laurea triennale','impiegato');
INSERT INTO volontario VALUES ('PYCNHT84B57D547H','laurea triennale','impiegato');
INSERT INTO volontario VALUES ('GDNPNR98L22E585M','laurea magistrale','impiegato');

-- PARTECIPA 
INSERT INTO partecipa VALUES ('MPGRZQ71T13A806W','24-GEN-2015','BB543HR');
INSERT INTO partecipa VALUES ('SIEVNM76S49B966D','25-GEN-2015','AA236JS');
INSERT INTO partecipa VALUES ('MSMQKH50S70I436R','03-FEB-2015','CF623YR');
INSERT INTO partecipa VALUES ('LPRLJN42C55M287S','24-SET-2015','AD647WR');
INSERT INTO partecipa VALUES ('HKOGPP55A30B710B','10-NOV-2015','BE366GA');
INSERT INTO partecipa VALUES ('SYYHNX36E69E199L','01-DIC-2015','QQ363AV');
INSERT INTO partecipa VALUES ('LQVXTT93D13C516A','27-DIC-2015','EQ347GS');
INSERT INTO partecipa VALUES ('TGTGGZ73T66Z121G','03-MAR-2017','EE518TT');
INSERT INTO partecipa VALUES ('GBVFRJ57C21H911A','30-MAR-2017','AE753WE');
INSERT INTO partecipa VALUES ('STVGRZ45R12D768X','05-MAG-2017','EA721TE');
INSERT INTO partecipa VALUES ('DVFMHS72P52A896H','09-SET-2017','BA854HF');
INSERT INTO partecipa VALUES ('HCFPRC75P26C754C','02-NOV-2017','BB537TE');
INSERT INTO partecipa VALUES ('THZDPB56R71F914R','11-APR-2018','AH532QW');
INSERT INTO partecipa VALUES ('TFIXPC43C53I604X','24-NOV-2018','AE658HG');
INSERT INTO partecipa VALUES ('JCMHST46T48F408I','28-APR-2019','AI133CW');
INSERT INTO partecipa VALUES ('DPUKRM43P67B641W','24-GEN-2015','BB543HR');
INSERT INTO partecipa VALUES ('LHCGAU31A68H752H','25-GEN-2015','AA236JS');
INSERT INTO partecipa VALUES ('VFDZZK60P08D760O','03-FEB-2015','CF623YR');
INSERT INTO partecipa VALUES ('PYCNHT84B57D547H','24-SET-2015','AD647WR');
INSERT INTO partecipa VALUES ('GDNPNR98L22E585M','10-NOV-2015','BE366GA');
INSERT INTO partecipa VALUES ('MPGRZQ71T13A806W','01-DIC-2015','QQ363AV');
INSERT INTO partecipa VALUES ('SIEVNM76S49B966D','27-DIC-2015','EQ347GS');
INSERT INTO partecipa VALUES ('MSMQKH50S70I436R','03-MAR-2017','EE518TT');
INSERT INTO partecipa VALUES ('LPRLJN42C55M287S','30-MAR-2017','AE753WE');
INSERT INTO partecipa VALUES ('HKOGPP55A30B710B','05-MAG-2017','EA721TE');
INSERT INTO partecipa VALUES ('SYYHNX36E69E199L','09-SET-2017','BA854HF');
INSERT INTO partecipa VALUES ('LQVXTT93D13C516A','02-NOV-2017','BB537TE');
INSERT INTO partecipa VALUES ('TGTGGZ73T66Z121G','11-APR-2018','AH532QW');
INSERT INTO partecipa VALUES ('GBVFRJ57C21H911A','24-NOV-2018','AE658HG');
INSERT INTO partecipa VALUES ('STVGRZ45R12D768X','28-APR-2019','AI133CW');
 
-- DONAZIONE 
INSERT INTO donazione VALUES
('540116487808',150,'ZCXDMB48A29C263D','24-GEN-2015','BB543HR');
INSERT INTO donazione VALUES
('544821227053',250,'ZCBXRN51H21Z713W','25-GEN-2015','AA236JS');
INSERT INTO donazione VALUES
('740067521875',100,'SSXDDF70L44D882J','03-FEB-2015','CF623YR');
INSERT INTO donazione VALUES
('909033712392',200,'DDJRZZ65B24A666H','24-SET-2015','AD647WR');
INSERT INTO donazione VALUES
('691585210188',250,'SPMGVQ58R53G771S','10-NOV-2015','BE366GA');
INSERT INTO donazione VALUES
('618413542220',300,'KNVPMB79B43H365Z','01-DIC-2015','QQ363AV');
INSERT INTO donazione VALUES
('641832973869',200,'NMAWJT72S46H729K','27-DIC-2015','EQ347GS');
INSERT INTO donazione VALUES
('008138758448',250,'PLOKWZ89H58B350J','03-MAR-2017','EE518TT');
INSERT INTO donazione VALUES
('247812811048',150,'JVGDPD66C03C557G','30-MAR-2017','AE753WE');
INSERT INTO donazione VALUES
('469801995643',200,'VOOBJV42S66E970Z','05-MAG-2017','EA721TE');
INSERT INTO donazione VALUES
('364623576960',360,'RTQPCR82C30F175V','09-SET-2017','BA854HF');
INSERT INTO donazione VALUES
('233477917041',150,'YFGZZB70A18E273Y','02-NOV-2017','BB537TE');
INSERT INTO donazione VALUES
('186398984208',100,'DNHMTX45C61E687Z','11-APR-2018','AH532QW');
INSERT INTO donazione VALUES
('586759773598',200,'DDJRZZ65B24A666P','24-NOV-2018','AE658HG');
INSERT INTO donazione VALUES
('971252274558',250,'TBZJTU60B67I973G','28-APR-2019','AI133CW');
INSERT INTO donazione VALUES
('881843870168',100,'RPKWYZ84H11E216G','24-GEN-2015','BB543HR');
INSERT INTO donazione VALUES
('639888979188',260,'GZSVCJ41S09F880H','25-GEN-2015','AA236JS');
INSERT INTO donazione VALUES
('032018761672',200,'SVFVMH35P01I498W','03-FEB-2015','CF623YR');
INSERT INTO donazione VALUES
('318642579196',150,'WJMHMX43M69F254W','24-SET-2015','AD647WR');
INSERT INTO donazione VALUES
('539425732119',150,'NRRFLB64D23I997P','10-NOV-2015','BE366GA');
INSERT INTO donazione VALUES
('995637549744',100,'ZCXDMB48A29C263D','01-DIC-2015','QQ363AV');
INSERT INTO donazione VALUES
('148777854648',200,'ZCBXRN51H21Z713W','27-DIC-2015','EQ347GS');
INSERT INTO donazione VALUES
('493290025272',260,'SSXDDF70L44D882J','03-MAR-2017','EE518TT');
INSERT INTO donazione VALUES
('220491223073',150,'DDJRZZ65B24A666H','30-MAR-2017','AE753WE');
INSERT INTO donazione VALUES
('212615080706',360,'SPMGVQ58R53G771S','05-MAG-2017','EA721TE');
INSERT INTO donazione VALUES
('995420101204',250,'KNVPMB79B43H365Z','09-SET-2017','BA854HF');
INSERT INTO donazione VALUES
('283139922018',200,'NMAWJT72S46H729K','02-NOV-2017','BB537TE');
INSERT INTO donazione VALUES
('170075797792',260,'PLOKWZ89H58B350J','11-APR-2018','AH532QW');
INSERT INTO donazione VALUES
('426519170471',260,'JVGDPD66C03C557G','24-NOV-2018','AE658HG');
INSERT INTO donazione VALUES
('644182853423',100,'VOOBJV42S66E970Z','28-APR-2019','AI133CW');
INSERT INTO donazione VALUES
('237603836616',260,'VOOBJV42S66E970Z','24-GEN-2015','BB543HR');
INSERT INTO donazione VALUES
('407952393814',150,'JVGDPD66C03C557G','25-GEN-2015','AA236JS');
INSERT INTO donazione VALUES
('988628631638',250,'PLOKWZ89H58B350J','03-FEB-2015','CF623YR');
INSERT INTO donazione VALUES
('591390722484',360,'NMAWJT72S46H729K','24-SET-2015','AD647WR');
INSERT INTO donazione VALUES
('962071005942',250,'KNVPMB79B43H365Z','10-NOV-2015','BE366GA');
INSERT INTO donazione VALUES
('326476012878',150,'RPKWYZ84H11E216G','01-DIC-2015','QQ363AV');
INSERT INTO donazione VALUES
('943139544225',260,'GZSVCJ41S09F880H','27-DIC-2015','EQ347GS');
INSERT INTO donazione VALUES
('857644605222',100,'SVFVMH35P01I498W','03-MAR-2017','EE518TT');
INSERT INTO donazione VALUES
('991682738950',250,'WJMHMX43M69F254W','30-MAR-2017','AE753WE');
INSERT INTO donazione VALUES
('593223623592',260,'NRRFLB64D23I997P','05-MAG-2017','EA721TE');
INSERT INTO donazione VALUES
('665402485794',150,'RPKWYZ84H11E216G','09-SET-2017','BA854HF');
INSERT INTO donazione VALUES
('625615626718',150,'GZSVCJ41S09F880H','02-NOV-2017','BB537TE');
INSERT INTO donazione VALUES
('446052986382',150,'SVFVMH35P01I498W','11-APR-2018','AH532QW');
INSERT INTO donazione VALUES
('639059480468',150,'WJMHMX43M69F254W','24-NOV-2018','AE658HG');
INSERT INTO donazione VALUES
('237591725757',150,'NRRFLB64D23I997P','28-APR-2019','AI133CW');

-- ESAME
INSERT INTO esame VALUES ('BAS00','Basofili');
INSERT INTO esame VALUES ('EMCTO','Ematocrito');
INSERT INTO esame VALUES ('EMOGL','Emoglobina');
INSERT INTO esame VALUES ('EMOCR','Emocromo');
INSERT INTO esame VALUES ('FEMTI','Ferro ematico');
INSERT INTO esame VALUES ('FERIN','Ferritina');
INSERT INTO esame VALUES ('EOSIN','Eosinofili');
INSERT INTO esame VALUES ('GROSS','Globuli Rossi');
INSERT INTO esame VALUES ('MACRF','Macrofagi');
INSERT INTO esame VALUES ('LINFC','Linfociti');
INSERT INTO esame VALUES ('MONOC','Monociti');
INSERT INTO esame VALUES ('PECOG','Piastrine e Coagulazione');
INSERT INTO esame VALUES ('RETIC','Reticolociti');
INSERT INTO esame VALUES ('APTOG','Aptoglobina');
INSERT INTO esame VALUES ('COLAL','Colalemia');

-- REFERTO
INSERT INTO referto VALUES 
('P9GY0V19','540116487808','K14IFX','Giuseppe','Silvestri','Antonio','Vitale');
INSERT INTO referto VALUES 
('FXJUI60R','544821227053','4MBW8Z','Maria','Amato','Paola','Longo');
INSERT INTO referto VALUES 
('S843NP8K','740067521875','F8WIZT','Giovanni','Morelli','Sergio','Morelli');
INSERT INTO referto VALUES 
('CG5D48UH','909033712392','XGYLFW','Anna','Cattaneo','Angelo','Silvestri');
INSERT INTO referto VALUES 
('GJ1EXA99','691585210188','MW2K8Z','Antonio','Monti','Paolo','Marini');
INSERT INTO referto VALUES 
('YRPMU314','618413542220','8QPT95','Giuseppina','Rizzi','Michele','Santoro');
INSERT INTO referto VALUES 
('NP7S3IUT','641832973869','PIPWTW','Mario','Farina','Carla','Sala');
INSERT INTO referto VALUES 
('ERVA2GEE','008138758448','JXOAPI','Rosa','Sanna','Franco','Valentini');
INSERT INTO referto VALUES 
('TH7K2Y66','247812811048','HQKL6T','Luigi','Palumbo','Angela','Lombardo');
INSERT INTO referto VALUES 
('WPDBHZHV','469801995643','WZHL8C','Angela','Pellegrini','Aldo','De Santis');
INSERT INTO referto VALUES 
('EZPOSQ1G','364623576960','E24ITE','Francesco','Gatti','Anna Maria','Mariani');
INSERT INTO referto VALUES 
('ADQ3W5KG','233477917041','QUP3MU','Giovanna','De Angelis','Giovanna','Sanna');
INSERT INTO referto VALUES 
('KRGB0M8X','186398984208','M7QORJ','Angelo','Sala','Giuseppe','De Angelis');
INSERT INTO referto VALUES 
('27A63ZDB','586759773598','QW8YAZ','Teresa','Messina','Concetta','Gatti');
INSERT INTO referto VALUES 
('EP2FJ5RX','971252274558','B4H4QO','Vincenzo','Valentini','Carlo','Cattaneo');
INSERT INTO referto VALUES 
('Z7SF4EL0','881843870168','K14IFX','Lucia','Grasso','Franco','Barbieri');
INSERT INTO referto VALUES 
('TR3P8SU2','639888979188','4MBW8Z','Pietro','Marini','Margherita','Parisi');
INSERT INTO referto VALUES 
('SFXGSRJL','032018761672','F8WIZT','Carmela','Bianco','Elena','Rizzi');
INSERT INTO referto VALUES 
('Z7PO48K2','318642579196','XGYLFW','Salvatore','Fabbri','Luigi','Palumbo');
INSERT INTO referto VALUES 
('99P6JPSY','539425732119','MW2K8Z','Caterina','Ferri','Vincenzo','Messina');
INSERT INTO referto VALUES 
('HJ6QGE3W','995637549744','8QPT95','Carlo','Ferraro','Giuseppina','Ferraro');
INSERT INTO referto VALUES 
('VQVU65SJ','148777854648','PIPWTW','Francesca','Conte','Aldo','Martinelli');
INSERT INTO referto VALUES 
('30S8TL0C','493290025272','JXOAPI','Franco','Villa','Domenico','Coppola');
INSERT INTO referto VALUES 
('022ILA3H','220491223073','HQKL6T','Anna Maria','Parisi','Teresa','Fabbri');
INSERT INTO referto VALUES 
('O4DMIAYO','212615080706','WZHL8C','Domenico','Marchetti','Giovanni','Marchetti');
INSERT INTO referto VALUES 
('AI5YY4PB','995420101204','E24ITE','Antonietta','Marchetti','Rita','Villa');
INSERT INTO referto VALUES 
('6GAK466J','283139922018','QUP3MU','Bruno','De Santis','Salvatore','Pellegrini');
INSERT INTO referto VALUES 
('HXOUXMKL','170075797792','M7QORJ','Carla','Coppola','Caterina','Monti');
INSERT INTO referto VALUES 
('G13KBQR3','426519170471','QW8YAZ','Paolo','Serra','Anna Maria','Marchetti');
INSERT INTO referto VALUES 
('1ZE4D14S','644182853423','B4H4QO','Elena','Lombardo','Giorgio','Ferrara');
INSERT INTO referto VALUES 
('E2MFN29E','237603836616','K14IFX','Michele','Vitale','Anna','Moretti');
INSERT INTO referto VALUES 
('TIELNCCR','407952393814','4MBW8Z','Concetta','Martinelli','Maria','Martini');
INSERT INTO referto VALUES 
('K3XD7TGW','988628631638','F8WIZT','Giorgio','Moretti','Mario','Conte');
INSERT INTO referto VALUES 
('KIYN0OE4','591390722484','XGYLFW','Rita','Barbieri','Antonietta','Bianco');
INSERT INTO referto VALUES 
('8EZB1VDM','962071005942','MW2K8Z','Aldo','Fontana','Carmela','Farina');
INSERT INTO referto VALUES 
('3495H3F8','326476012878','8QPT95','Margherita','Santoro','Margherita','Caruso');
INSERT INTO referto VALUES 
('RRKIKIPU','943139544225','PIPWTW','Sergio','Mariani','Luciano','Serra');
INSERT INTO referto VALUES 
('XCFL6AXV','857644605222','JXOAPI','Franca','Rinaldi','Franca','Gentile');
INSERT INTO referto VALUES 
('3A42FM9R','991682738950','HQKL6T','Luciano','Caruso','Rosa','Grasso');
INSERT INTO referto VALUES 
('K6HNMZBB','593223623592','WZHL8C','Paola','Ferrara','Francesca','Ferri');
INSERT INTO referto VALUES 
('NAQ1MLE0','665402485794','E24ITE','Francesca','Galli','Francesco','Amato');
INSERT INTO referto VALUES 
('D6X8P47J','625615626718','QUP3MU','Franco','Martini','Bruno','Leone');
INSERT INTO referto VALUES 
('UGL7BATO','446052986382','M7QORJ','Anna Maria','Longo','Francesca','Galli');
INSERT INTO referto VALUES 
('4T2V9XMP','639059480468','QW8YAZ','Aldo','Leone','Lucia','Rinaldi');
INSERT INTO referto VALUES 
('SF9K17ST','237591725757','B4H4QO','Margherita','Gentile','Pietro','Rinaldi');

-- COMPOSTO DA
INSERT INTO composto_da VALUES('P9GY0V19','EMOGL',8.33,'pos');
INSERT INTO composto_da VALUES ('P9GY0V19','GROSS',7.85,'neg');
INSERT INTO composto_da VALUES ('FXJUI60R','EMOGL',3.55,'pos');
INSERT INTO composto_da VALUES ('FXJUI60R','GROSS',5.13,'pos');
INSERT INTO composto_da VALUES ('S843NP8K','EMOGL',1.84,'pos');
INSERT INTO composto_da VALUES ('S843NP8K','GROSS',6.18,'pos');
INSERT INTO composto_da VALUES ('CG5D48UH','EMOGL',3.95,'pos');
INSERT INTO composto_da VALUES ('CG5D48UH','GROSS',4.27,'neg');
INSERT INTO composto_da VALUES ('GJ1EXA99','EMOGL',2.51,'neg');
INSERT INTO composto_da VALUES ('GJ1EXA99','GROSS',5.81,'pos');
INSERT INTO composto_da VALUES ('YRPMU314','EMOGL',5.38,'pos');
INSERT INTO composto_da VALUES ('YRPMU314','GROSS',5.96,'pos');
INSERT INTO composto_da VALUES ('NP7S3IUT','EMOGL',9.8,'neg');
INSERT INTO composto_da VALUES ('NP7S3IUT','GROSS',9.61,'neg');
INSERT INTO composto_da VALUES ('ERVA2GEE','EMOGL',6.49,'pos');
INSERT INTO composto_da VALUES ('ERVA2GEE','GROSS',5.51,'pos');
INSERT INTO composto_da VALUES ('TH7K2Y66','EMOGL',3.7,'neg');
INSERT INTO composto_da VALUES ('TH7K2Y66','GROSS',2.36,'neg');
INSERT INTO composto_da VALUES ('WPDBHZHV','EMOGL',9.52,'neg');
INSERT INTO composto_da VALUES ('WPDBHZHV','GROSS',7.47,'pos');
INSERT INTO composto_da VALUES ('EZPOSQ1G','EMOGL',8.64,'pos');
INSERT INTO composto_da VALUES ('EZPOSQ1G','GROSS',3.87,'neg');
INSERT INTO composto_da VALUES ('ADQ3W5KG','EMOGL',4.79,'pos');
INSERT INTO composto_da VALUES ('ADQ3W5KG','GROSS',9.98,'pos');
INSERT INTO composto_da VALUES ('KRGB0M8X','EMOGL',0.43,'pos');
INSERT INTO composto_da VALUES ('KRGB0M8X','GROSS',9.05,'pos');
INSERT INTO composto_da VALUES ('27A63ZDB','EMOGL',3.52,'pos');
INSERT INTO composto_da VALUES ('27A63ZDB','GROSS',10.19,'neg');
INSERT INTO composto_da VALUES ('EP2FJ5RX','EMOGL',7.44,'neg');
INSERT INTO composto_da VALUES ('EP2FJ5RX','GROSS',9.4,'pos');
INSERT INTO composto_da VALUES ('Z7SF4EL0','EMOGL',8.29,'pos');
INSERT INTO composto_da VALUES ('Z7SF4EL0','GROSS',0.8,'neg');
INSERT INTO composto_da VALUES ('TR3P8SU2','EMOGL',6.59,'pos');
INSERT INTO composto_da VALUES ('TR3P8SU2','GROSS',1.49,'neg');
INSERT INTO composto_da VALUES ('SFXGSRJL','EMOGL',3.4,'neg');
INSERT INTO composto_da VALUES ('SFXGSRJL','GROSS',2.23,'neg');
INSERT INTO composto_da VALUES ('Z7PO48K2','EMOGL',4.29,'pos');
INSERT INTO composto_da VALUES ('Z7PO48K2','GROSS',2.4,'pos');
INSERT INTO composto_da VALUES ('99P6JPSY','EMOGL',5.41,'neg');
INSERT INTO composto_da VALUES ('99P6JPSY','GROSS',4.06,'pos');
INSERT INTO composto_da VALUES ('HJ6QGE3W','EMOGL',3.04,'neg');
INSERT INTO composto_da VALUES ('HJ6QGE3W','GROSS',3.68,'pos');
INSERT INTO composto_da VALUES ('VQVU65SJ','EMOGL',1.0,'neg');
INSERT INTO composto_da VALUES ('VQVU65SJ','GROSS',9.73,'neg');
INSERT INTO composto_da VALUES ('30S8TL0C','EMOGL',6.47,'neg');
INSERT INTO composto_da VALUES ('30S8TL0C','GROSS',4.92,'neg');
INSERT INTO composto_da VALUES ('022ILA3H','EMOGL',1.94,'pos');
INSERT INTO composto_da VALUES ('022ILA3H','GROSS',2.21,'neg');
INSERT INTO composto_da VALUES ('O4DMIAYO','EMOGL',3.59,'neg');
INSERT INTO composto_da VALUES ('O4DMIAYO','GROSS',8.02,'neg');
INSERT INTO composto_da VALUES ('AI5YY4PB','EMOGL',0.4,'neg');
INSERT INTO composto_da VALUES ('AI5YY4PB','GROSS',4.67,'pos');
INSERT INTO composto_da VALUES ('6GAK466J','EMOGL',5.32,'pos');
INSERT INTO composto_da VALUES ('6GAK466J','GROSS',3.99,'pos');
INSERT INTO composto_da VALUES ('HXOUXMKL','EMOGL',2.21,'neg');
INSERT INTO composto_da VALUES ('HXOUXMKL','GROSS',2.7,'pos');
INSERT INTO composto_da VALUES ('G13KBQR3','EMOGL',7.0,'neg');
INSERT INTO composto_da VALUES ('G13KBQR3','GROSS',9.58,'pos');
INSERT INTO composto_da VALUES ('1ZE4D14S','EMOGL',0.8,'neg');
INSERT INTO composto_da VALUES ('1ZE4D14S','GROSS',1.65,'pos');
INSERT INTO composto_da VALUES ('E2MFN29E','EMOGL',2.7,'pos');
INSERT INTO composto_da VALUES ('E2MFN29E','GROSS',3.75,'neg');
INSERT INTO composto_da VALUES ('TIELNCCR','EMOGL',6.19,'pos');
INSERT INTO composto_da VALUES ('TIELNCCR','GROSS',1.53,'neg');
INSERT INTO composto_da VALUES ('K3XD7TGW','EMOGL',9.51,'pos');
INSERT INTO composto_da VALUES ('K3XD7TGW','GROSS',1.5,'pos');
INSERT INTO composto_da VALUES ('KIYN0OE4','EMOGL',4.65,'pos');
INSERT INTO composto_da VALUES ('KIYN0OE4','GROSS',8.66,'neg');
INSERT INTO composto_da VALUES ('8EZB1VDM','EMOGL',5.94,'neg');
INSERT INTO composto_da VALUES ('8EZB1VDM','GROSS',8.7,'neg');
INSERT INTO composto_da VALUES ('3495H3F8','EMOGL',3.04,'pos');
INSERT INTO composto_da VALUES ('3495H3F8','GROSS',4.99,'neg');
INSERT INTO composto_da VALUES ('RRKIKIPU','EMOGL',6.96,'pos');
INSERT INTO composto_da VALUES ('RRKIKIPU','GROSS',8.78,'pos');
INSERT INTO composto_da VALUES ('XCFL6AXV','EMOGL',4.83,'neg');
INSERT INTO composto_da VALUES ('XCFL6AXV','GROSS',4.15,'pos');
INSERT INTO composto_da VALUES ('3A42FM9R','EMOGL',1.16,'pos');
INSERT INTO composto_da VALUES ('3A42FM9R','GROSS',8.26,'neg');
INSERT INTO composto_da VALUES ('K6HNMZBB','EMOGL',5.55,'neg');
INSERT INTO composto_da VALUES ('K6HNMZBB','GROSS',6.34,'pos');
INSERT INTO composto_da VALUES ('NAQ1MLE0','EMOGL',0.25,'neg');
INSERT INTO composto_da VALUES ('NAQ1MLE0','GROSS',9.54,'neg');
INSERT INTO composto_da VALUES ('D6X8P47J','EMOGL',4.44,'neg');
INSERT INTO composto_da VALUES ('D6X8P47J','GROSS',5.24,'pos');
INSERT INTO composto_da VALUES ('UGL7BATO','EMOGL',8.7,'pos');
INSERT INTO composto_da VALUES ('UGL7BATO','GROSS',8.6,'pos');
INSERT INTO composto_da VALUES ('4T2V9XMP','EMOGL',6.73,'pos');
INSERT INTO composto_da VALUES ('4T2V9XMP','GROSS',5.6,'pos');
